ArgHaAgrHb	-564000000	4	8;9	
ArgNHAgrHb	-235000000	2	8;9	
ArgHaAgrHg	-1320000000	4	11;12	
ArgNHAgrHg	-124000000	2	11;12	
GlyNHAgrHg	-101000000	26	11;12	
ArgNHArgHa	-667000000	2	4	ga
GlyNHArgHa	-457000000	26	4	ga
AspNHAspHa	-32700000	33	35	ga
PheNHAspHa	-123000000	45	35	
AspHaAspHb	-702000000	35	40	
AspNHAspHb	-46900000	33	40	ga
AspHaAspHb'	-544000000	35	39	
AspNHAspHb'	-123000000	33	39	
AspNHGlyHa	-344000000	33	29	
GlyHa'GlyHa	-5340000000	28	29	
GlyNHGlyHa	-397000000	26	29	
AspNHGlyHa'	-342000000	33	28	
GlyNHGlyHa'	-418000000	26	28	
ArgNHGlyNH	-121000000	2	26	ga
AspNHGlyNH	-81600000	33	26	ga
PheNHPheHa	-100000000	45	47	ga
PheoHPheHa	-167000000	57;55	47	ga
PheHaPheHb	-426000000	47	51	
PheNHPheHb	-101000000	45	51	
PheoHPheHb	-321000000	57;55	51	
PheHaPheHb'	-461000000	47	52	
PheNHPheHb'	-267000000	45	52	
PheoHPheHb'	-361000000	57;55	52	
AspNHPheNH	-99000000	33	45	
PheNHPheoH	-88000000	45	57;55	ga
ArgNHValHa	-852000000	2	67	
PheoHValHa	-8740000	57;55	67	ga
ArgNHValHb	-171000000	2	71	ga
ValHaValHb	-296000000	67	71	
ValNMeValHb	-1090000000	80;81;82	71	ga
PhempHValMe	-68100000	59;61;63	77;78;79	ga
PheoHValMe	-99700000	57;55	77;78;79	ga
ValHaValMe	-594000000	67	77;78;79	ga
ValNMeValMe	-494000000	80;81;82	77;78;79	ga
ArgNHValMe'	-119000000	2	73;74;75	ga
ValHaValMe'	-733000000	67	73;74;75	ga
ValNMeValMe'	-223000000	80;81;82	73;74;75	ga
ArgNHValNMe	-116000000	2	80;81;82	ga
AspNHValNMe	-54600000	33	80;81;82	ga
GlyNHValNMe	-17600000	26	80;81;82	
PheHaValNMe	-2480000000	47	80;81;82	ga
PheNHValNMe	-83500000	45	80;81;82	ga
PhempHValNMe	-164000000	59;61;63	80;81;82	
PheoHValNMe	-98400000	57;55	80;81;82	ga
ValHaValNMe	-158000000	67	80;81;82	ga
ArgHaArgHd	-38600000	4	14;15	
