ArgHaAgrHb	-630000000	4	8;9	
ArgNHAgrHb	-81400000	2	8;9	ga
ArgHaAgrHg	-747000000	4	11;12	
ArgNHAgrHg	-251000000	2	11;12	ga
GlyNHAgrHg	-317000000	26	11;12	ga
ArgNHArgHa	-550000000	2	4	ga
GlyNHArgHa	-730000000	26	4	ga
AspNHAspHa	-391000000	33	35	ga
PheNHAspHa	-1040000000	45	35	ga
AspHaAspHb	-236000000	35	40	
AspNHAspHb	-386000000	33	40	ga
AspHaAspHb'	-49600000	35	39	ga
AspNHAspHb'	-175000000	33	39	
AspNHGlyHa	-1750000000	33	29	ga
GlyHa'GlyHa	-4930000000	28	29	
GlyNHGlyHa	-752000000	26	29	ga
AspNHGlyHa'	-5320000000	33	28	ga
GlyNHGlyHa'	-307000000	26	28	
ArgNHGlyNH	-108000000	2	26	ga
AspNHGlyNH	-84600000	33	26	ga
PheNHPheHa	-110000000	45	47	ga
PheoHPheHa	-680000000	57;55	47	ga
PheHaPheHb	-492000000	47	51	
PheNHPheHb	-201000000	45	51	
PheoHPheHb	-655000000	57;55	51	ga
PheHaPheHb'	-313000000	47	52	
PheNHPheHb'	-228000000	45	52	
PheoHPheHb'	-737000000	57;55	52	ga
AspNHPheNH	-138000000	33	45	ga
PheNHPheoH	-449000000	45	57;55	ga
ArgNHValHa	-1080000000	2	67	ga
PheoHValHa	-341000000	57;55	67	ga
ArgNHValHb	-185000000	2	71	ga
ValHaValHb	-401000000	67	71	
ValNMeValHb	-1820000000	80;81;82	71	ga
PhempHValMe	-26300000	59;61;63	77;78;79	ga
PheoHValMe	-75800000	57;55	77;78;79	ga
ValHaValMe	-432000000	67	77;78;79	
ValNMeValMe	-484000000	80;81;82	77;78;79	ga
ArgNHValMe'	-81100000	2	73;74;75	ga
ValHaValMe'	-518000000	67	73;74;75	
ValNMeValMe'	-50500000	80;81;82	73;74;75	ga
ArgNHValNMe	-118000000	2	80;81;82	ga
AspNHValNMe	-210000000	33	80;81;82	ga
GlyNHValNMe	-76000000	26	80;81;82	ga
PheHaValNMe	-1450000000	47	80;81;82	ga
PheNHValNMe	-83400000	45	80;81;82	
PhempHValNMe	-41300000	59;61;63	80;81;82	ga
PheoHValNMe	-100000000	57;55	80;81;82	ga
ValHaValNMe	-127000000	67	80;81;82	
ArgHaArgHd	-208000000	4	14;15	
