ArgHaAgrHb	-564000000	51	52;53	
ArgNHAgrHb	-235000000	63	52;53	
ArgHaAgrHg	-1320000000	51	54;55	
ArgNHAgrHg	-124000000	63	54;55	
GlyNHAgrHg	-101000000	70	54;55	
ArgNHArgHa	-667000000	63	51	ga
GlyNHArgHa	-457000000	70	51	ga
AspNHAspHa	-32700000	82	79	ga
PheNHAspHa	-123000000	20	79	
AspHaAspHb	-702000000	79	80	
AspNHAspHb	-46900000	82	80	ga
AspHaAspHb'	-544000000	79	81	
AspNHAspHb'	-123000000	82	81	
AspNHGlyHa	-344000000	82	68	
GlyHa'GlyHa	-5340000000	69	68	
GlyNHGlyHa	-397000000	70	68	
AspNHGlyHa'	-342000000	82	69	
GlyNHGlyHa'	-418000000	70	69	
ArgNHGlyNH	-121000000	63	70	ga
AspNHGlyNH	-81600000	82	70	ga
PheNHPheHa	-100000000	20	12	ga
PheoHPheHa	-167000000	15;16	12	ga
PheHaPheHb	-426000000	12	14	
PheNHPheHb	-101000000	20	14	
PheoHPheHb	-321000000	15;16	14	
PheHaPheHb'	-461000000	12	13	
PheNHPheHb'	-267000000	20	13	
PheoHPheHb'	-361000000	15;16	13	
AspNHPheNH	-99000000	82	20	
PheNHPheoH	-88000000	20	15;16	ga
ArgNHValHa	-852000000	63	28	
PheoHValHa	-8740000	15;16	28	ga
ArgNHValHb	-171000000	63	29	ga
ValHaValHb	-296000000	28	29	
ValNMeValHb	-1090000000	37;38;39	29	ga
PhempHValMe	-68100000	17;18;19	33;34;35	ga
PheoHValMe	-99700000	15;16	33;34;35	ga
ValHaValMe	-594000000	28	33;34;35	ga
ValNMeValMe	-494000000	37;38;39	33;34;35	ga
ArgNHValMe'	-119000000	63	30;31;32	ga
ValHaValMe'	-733000000	28	30;31;32	ga
ValNMeValMe'	-223000000	37;38;39	30;31;32	ga
ArgNHValNMe	-116000000	63	37;38;39	ga
AspNHValNMe	-54600000	82	37;38;39	ga
GlyNHValNMe	-17600000	70	37;38;39
PheHaValNMe	-2480000000	12	37;38;39	ga
PheNHValNMe	-83500000	20	37;38;39	ga
PhempHValNMe	-164000000	17;18;19	37;38;39
PheoHValNMe	-98400000	15;16	37;38;39	ga
ValHaValNMe	-158000000	28	37;38;39	ga
ArgHaArgHd	-38600000	51	56;57
